Workbook

Sheet Kunden
A1: Kunden_ID | B1: Name | C1: Stadt | D1: Email | E1: Segment
A2: K-001 | B2: Anna Meier | C2: Zürich | D2: anna.meier@email.ch | E2: Premium
A3: K-002 | B3: Bruno Koch | C3: Basel | D3: bruno.koch@email.ch | E3: Standard
A4: K-003 | B4: Clara Huber | C4: Bern | D4: clara.huber@email.ch | E4: Premium
A5: K-004 | B5: David Steiner | C5: Zürich | D5: david.steiner@email.ch | E5: Standard
A6: K-005 | B6: Eva Müller | C6: Genf | D6: eva.müller@email.ch | E6: Premium

Sheet Produkte
A1: Produkt_ID | B1: Produkt_name | C1: Kategorie | D1: Preis (CHF) | E1: Lagerbestand
A2: P-001 | B2: Notizbuch A4 | C2: Büromaterial | D2: 4.5 | E2: 150
A3: P-002 | B3: Kugelschreiber | C3: Büromaterial | D3: 1.2 | E3: 500
A4: P-003 | B4: Hefter | C4: Büromaterial | D4: 12 | E4: 80
A5: P-004 | B5: Ordner | C5: Ablage | D5: 3.8 | E5: 200
A6: P-005 | B6: Whiteboard | C6: Präsentation | D6: 89 | E6: 25

Sheet Bestellungen
A1: Bestell-ID | B1: Kunden_ID | C1: Produkt_ID | D1: Menge | E1: Kundenname | F1: Produktname | G1: Preis (CHF) | H1: Gesamt Preis | I1: Segment | J1: Umsatzeinteil%
A2: B-001 | B2: K-003 | C2: P-005 | D2: 1 | E2: =_xlfn.XLOOKUP(B2,Kunden!$A$2:$A$6,Kunden!$B$2:$B$6,"Nicht Gefunden") -> Clara Huber | F2: =_xlfn.XLOOKUP(C2,Produkte!$A$2:$A$6,Produkte!$B$2:$B$6,"Nicht Gefunden") -> Whiteboard | G2: =_xlfn.XLOOKUP(C2,Produkte!$A$2:$A$6,Produkte!$D$2:$D$6,"Nicht Gefunden") -> 89 | H2: =IFERROR(G2*D2,"NaN") -> 89 | I2: =_xlfn.XLOOKUP(B2,Kunden!$A$2:$A$6,Kunden!$E$2:$E$6,"Nicht Gefunden") -> Premium | J2: =(H2/Zusammenfassung!$E$3) -> 0.27300613
A3: B-002 | B3: K-001 | C3: P-001 | D3: 10 | E3: =_xlfn.XLOOKUP(B3,Kunden!$A$2:$A$6,Kunden!$B$2:$B$6,"Nicht Gefunden") -> Anna Meier | F3: =_xlfn.XLOOKUP(C3,Produkte!$A$2:$A$6,Produkte!$B$2:$B$6,"Nicht Gefunden") -> Notizbuch A4 | G3: =_xlfn.XLOOKUP(C3,Produkte!$A$2:$A$6,Produkte!$D$2:$D$6,"Nicht Gefunden") -> 4.5 | H3: =IFERROR(G3*D3,"NaN") -> 45 | I3: =_xlfn.XLOOKUP(B3,Kunden!$A$2:$A$6,Kunden!$E$2:$E$6,"Nicht Gefunden") -> Premium | J3: =(H3/Zusammenfassung!$E$3) -> 0.13803681
A4: B-003 | B4: K-002 | C4: P-003 | D4: 2 | E4: =_xlfn.XLOOKUP(B4,Kunden!$A$2:$A$6,Kunden!$B$2:$B$6,"Nicht Gefunden") -> Bruno Koch | F4: =_xlfn.XLOOKUP(C4,Produkte!$A$2:$A$6,Produkte!$B$2:$B$6,"Nicht Gefunden") -> Hefter | G4: =_xlfn.XLOOKUP(C4,Produkte!$A$2:$A$6,Produkte!$D$2:$D$6,"Nicht Gefunden") -> 12 | H4: =IFERROR(G4*D4,"NaN") -> 24 | I4: =_xlfn.XLOOKUP(B4,Kunden!$A$2:$A$6,Kunden!$E$2:$E$6,"Nicht Gefunden") -> Standard | J4: =(H4/Zusammenfassung!$E$3) -> 0.073619632
A5: B-004 | B5: K-005 | C5: P-002 | D5: 20 | E5: =_xlfn.XLOOKUP(B5,Kunden!$A$2:$A$6,Kunden!$B$2:$B$6,"Nicht Gefunden") -> Eva Müller | F5: =_xlfn.XLOOKUP(C5,Produkte!$A$2:$A$6,Produkte!$B$2:$B$6,"Nicht Gefunden") -> Kugelschreiber | G5: =_xlfn.XLOOKUP(C5,Produkte!$A$2:$A$6,Produkte!$D$2:$D$6,"Nicht Gefunden") -> 1.2 | H5: =IFERROR(G5*D5,"NaN") -> 24 | I5: =_xlfn.XLOOKUP(B5,Kunden!$A$2:$A$6,Kunden!$E$2:$E$6,"Nicht Gefunden") -> Premium | J5: =(H5/Zusammenfassung!$E$3) -> 0.073619632
A6: B-005 | B6: K-001 | C6: P-004 | D6: 5 | E6: =_xlfn.XLOOKUP(B6,Kunden!$A$2:$A$6,Kunden!$B$2:$B$6,"Nicht Gefunden") -> Anna Meier | F6: =_xlfn.XLOOKUP(C6,Produkte!$A$2:$A$6,Produkte!$B$2:$B$6,"Nicht Gefunden") -> Ordner | G6: =_xlfn.XLOOKUP(C6,Produkte!$A$2:$A$6,Produkte!$D$2:$D$6,"Nicht Gefunden") -> 3.8 | H6: =IFERROR(G6*D6,"NaN") -> 19 | I6: =_xlfn.XLOOKUP(B6,Kunden!$A$2:$A$6,Kunden!$E$2:$E$6,"Nicht Gefunden") -> Premium | J6: =(H6/Zusammenfassung!$E$3) -> 0.058282209
A7: B-006 | B7: K-004 | C7: P-005 | D7: 1 | E7: =_xlfn.XLOOKUP(B7,Kunden!$A$2:$A$6,Kunden!$B$2:$B$6,"Nicht Gefunden") -> David Steiner | F7: =_xlfn.XLOOKUP(C7,Produkte!$A$2:$A$6,Produkte!$B$2:$B$6,"Nicht Gefunden") -> Whiteboard | G7: =_xlfn.XLOOKUP(C7,Produkte!$A$2:$A$6,Produkte!$D$2:$D$6,"Nicht Gefunden") -> 89 | H7: =IFERROR(G7*D7,"NaN") -> 89 | I7: =_xlfn.XLOOKUP(B7,Kunden!$A$2:$A$6,Kunden!$E$2:$E$6,"Nicht Gefunden") -> Standard | J7: =(H7/Zusammenfassung!$E$3) -> 0.27300613
A8: B-007 | B8: K-003 | C8: P-001 | D8: 8 | E8: =_xlfn.XLOOKUP(B8,Kunden!$A$2:$A$6,Kunden!$B$2:$B$6,"Nicht Gefunden") -> Clara Huber | F8: =_xlfn.XLOOKUP(C8,Produkte!$A$2:$A$6,Produkte!$B$2:$B$6,"Nicht Gefunden") -> Notizbuch A4 | G8: =_xlfn.XLOOKUP(C8,Produkte!$A$2:$A$6,Produkte!$D$2:$D$6,"Nicht Gefunden") -> 4.5 | H8: =IFERROR(G8*D8,"NaN") -> 36 | I8: =_xlfn.XLOOKUP(B8,Kunden!$A$2:$A$6,Kunden!$E$2:$E$6,"Nicht Gefunden") -> Premium | J8: =(H8/Zusammenfassung!$E$3) -> 0.11042945

Sheet Zusammenfassung
A1: Datenbankbericht :
A2: STAND: | B2: =TODAY() -> 46211
D3: Gesamtumsatz (CHF) | E3: =SUM(Bestellungen!H2:H8) -> 326
D4: Umsatz Premium | E4: =SUMIF(Bestellungen!I2:I8,"Premium",Bestellungen!H2:H8) -> 213
D5: Umsatz Standard | E5: =SUMIF(Bestellungen!I2:I8,"Standard",Bestellungen!H2:H8) -> 113
D6: Anzahl Bestellungen | E6: =COUNTA(Bestellungen!A2:A8) -> 7
D7: Ø Bestellwert (CHF) | E7: =ROUND(AVERAGE(Bestellungen!H2:H8),2) -> 46.57
